Open-Air Sommerkino im Kranzler Eck,/kultur-und-tickets/tipps/film/freiluftkinos/3156565-2464577-open-air-sommerkino-kranzler-eck.html,
Open-Air Kino am Schloss Charlottenburg,/kultur-und-tickets/tipps/film/freiluftkinos/3888834-2464577-openair-kino-am-schloss-charlottenburg.html,
Open Air Kinonächte der BpB,/kultur-und-tickets/tipps/film/freiluftkinos/4962293-2464577-open-air-kino-bpb-checkpoint-charlie.html,
Auto- und Freiluftkino Berlin,/kultur-und-tickets/tipps/film/freiluftkinos/2465384-2464577-auto-und-freiluftkino-berlin.html,
Sommerkino Kulturforum Potsdamer Platz,/kultur-und-tickets/tipps/film/freiluftkinos/2464593-2464577-sommerkino-kulturforum-potsdamer-platz.html,
Freiluftkino Rehberge,/kultur-und-tickets/tipps/film/freiluftkinos/2464944-2464577-freiluftkino-rehberge.html,
Open-Air Kino "Windlicht" in der Kulturfabrik,/kultur-und-tickets/tipps/film/freiluftkinos/2464916-2464577-openair-kino-windlicht-in-der-kulturfabr.html,
Freiluftkino im Rosengarten,/kultur-und-tickets/tipps/film/freiluftkinos/2547627-2464577-freiluftkino-im-rosengarten.html,
Freiluftkino Mitte im Haus Schwarzenberg,/kultur-und-tickets/tipps/film/freiluftkinos/2464891-2464577-freiluftkino-mitte-im-haus-schwarzenberg.html,
Sommerkino am Bundespresseamt,/kultur-und-tickets/tipps/film/freiluftkinos/3896036-2464577-sommerkino-am-bundespresseamt.html,
Pompeji - Freiluftkino Ostkreuz,/kultur-und-tickets/tipps/film/freiluftkinos/2495530-2464577-pompeji-freiluftkino-ostkreuz.html,
Freiluftkino Insel im Cassiopeia,/kultur-und-tickets/tipps/film/freiluftkinos/2465101-2464577-freiluftkino-insel-im-cassiopeia.html,
Freiluftkino Friedrichshain,/kultur-und-tickets/tipps/film/freiluftkinos/2464997-2464577-freiluftkino-friedrichshain.html,
Freiluftkino Kreuzberg,/kultur-und-tickets/tipps/film/freiluftkinos/2465016-2464577-freiluftkino-kreuzberg.html,
Freilichtbühne am Weißensee,/kultur-und-tickets/tipps/film/freiluftkinos/2465113-2464577-freilichtbuehne-am-weissensee.html,
Open-Air-Kino Spandau,/kultur-und-tickets/tipps/film/freiluftkinos/2465152-2464577-openairkino-spandau.html,
Freiluftkino Hasenheide,/kultur-und-tickets/tipps/film/freiluftkinos/2465201-2464577-freiluftkino-hasenheide.html,
FeldKino - Freiluftkino am Tempelhofer Feld,/kultur-und-tickets/tipps/film/freiluftkinos/4892905-2464577-feldkino-freiluftkino-am-tempelhofer-fel.html,
Freiluftkino Naturtheater Friedrichshagen,/kultur-und-tickets/tipps/film/freiluftkinos/2465226-2464577-freiluftkino-naturtheater-friedrichshage.html,
Freiheit fünfzehn - Kino im Liegestuhl,/kultur-und-tickets/archiv/2465279-2805649-freiheit-fuenfzehn-kino-im-liegestuhl.html,
Balkonkino auf dem Cecilienplatz,/kultur-und-tickets/tipps/film/freiluftkinos/2465329-2464577-balkonkino-auf-dem-cecilienplatz.html,
Nomadenkino,/kultur-und-tickets/tipps/film/freiluftkinos/2570466-2464577-nomadenkino.html,
Open-Air-Kino im Waschhaus Potsdam,/kultur-und-tickets/tipps/film/freiluftkinos/2465353-2464577-open-air-kino-im-waschhaus-potsdam.html,
